key,English,Chichewa,Shona,Chitonga (Malawi) - PLEASE FILL IN
overview,My money,Ndalama zanga,Mari yangu,
add,I spent,Zomwe ndagwiritsa,Ndashandisa,
split,My plan,Ndondomeko yanga,Hurongwa hwangu,
title,Add what I spent,Lembani ndalama zomwe mwagwiritsa,Nyora mari yawashandisa,
lead,Write down what you spent.,Lembani zomwe mwagwiritsa ntchito.,Nyora zvawashandisa.,
amountLabel,How much did you spend?,Mwagwiritsa ndalama zingati?,Washandisa marii?,
merchantLabel,What did you buy?,Mwagula chiyani?,Wakatenga chii?,
merchantPh,"Food, taxi, airtime","Chakudya, taxi, airtime","Chikafu, tekisi, airtime",
category,Which money box?,Bokosi liti la ndalama?,Bhokisi ripi remari?,
auto,Choose for me,Sankhani m'malo mwanga,Sarudza ini,
date,Day,Tsiku,Zuva,
recipient,Who got the money?,Wolandira,Akagamuchira,
optional,(you can skip),(mungadumphe),(unogona kusiya),
recipientPh,Name,Dzina,Zita,
submit,Save,Sungani,Chengetedza,
saving,Saving...,Tikusunga...,Ndiri kuchengetedza...,
errAmount,Write how much you spent.,Lembani ndalama zomwe mwagwiritsa.,Nyora mari yawashandisa.,
errMerchant,Write what you bought.,Lembani zomwe mwagula.,Nyora zvawatenga.,
saved,Saved.,Zasungidwa.,Zvachengetedzwa.,
savedTo,Saved in {cat}.,Zasungidwa mu {cat}.,Zvachengetedzwa mu{cat}.,
flagged,Saved. But look: {reason},Zasungidwa. Koma onani: {reason},Zvachengetedzwa. Asi tarisa: {reason},
flagBig,This is a lot of money for {cat}.,Iyi ndi ndalama zambiri za {cat}.,Iyi mari yakawanda ye{cat}.,
flagDup,You saved this one already.,Mwasunga kale izi.,Wakachengeta izvi kare.,
errSave,Not saved. Please try again.,Sizinasungidwe. Yesaninso.,Hazvina kuchengetedzwa. Edza zvakare.,
errCats,Could not load the money boxes.,Sitinathe kutenga mabokosi.,Hatina kukwanisa kutora mabhokisi.,
balanceNote,Money left: {balance}. Most you can spend at one time: {limit},Ndalama zotsala: {balance}. Zochuluka kwambiri nthawi imodzi: {limit},Mari yasara: {balance}. Yakawanda yaunogona kushandisa kamwe: {limit},
capTitle,Wait! That is a lot of money,Dikirani! Ndi ndalama zambiri,Mira! Iyi mari yakawanda,
capText,You want to spend {amount}. You only have {balance}. This is more than half of your money. Do you want to go on?,Mukufuna kugwiritsa {amount}. Muli ndi {balance} yokha. Ndi ndalama zoposa theka la zomwe muli nazo. Mukufuna kupitiriza?,Unoda kushandisa {amount}. Une {balance} chete. Iyi inodarika hafu yemari yaunayo. Unoda kuenderera here?,
capTextHard,You cannot spend more than half of your money at one time. Write {limit} or less.,Simungathe kugwiritsa ndalama zoposa theka. Lembani {limit} kapena kuchepera.,Hauzogoni kushandisa mari inodarika hafu. Isa {limit} kana pasi.,
capChange,"No, change it","Ayi, ndisintha","Kwete, ndichashandura",
capAnyway,"Yes, save it","Inde, sungani","Hongu, chengetedza",
dashTitle,My money this month,Ndalama zanga mwezi uno,Mari yangu mwedzi uno,
incomeLbl,Money I got,Ndalama zomwe ndalandira,Mari yandakawana,
spentLbl,Money gone out,Ndalama zomwe zachoka,Mari yabuda,
balanceLbl,Money left,Ndalama zotsala,Mari yasara,
perDayLbl,To spend each day,Zogwiritsa tsiku lililonse,Yekushandisa pazuva,
envTitle,My money boxes,Mabokosi a ndalama zanga,Mabhokisi emari yangu,
adviceTitle,Tips,Malangizo,Mazano,
recentTitle,What I spent lately,Zomwe ndagwiritsa posachedwapa,Zvandashandisa nguva pfupi yapfuura,
noTx,Nothing spent yet.,Palibe zomwe mwagwiritsa.,Hapana zvawashandisa nezvino.,
ofBudget,{spent} used of {budget},{spent} mwa {budget} zagwiritsidwa,{spent} yashandiswa kubva ku{budget},
left,{left} left,Zatsala {left},Yasara {left},
over,{over} too much,Mwapitirira {over},Wadarika {over},
statusOk,Good,Zili bwino,Zvakanaka,
statusWarn,Getting low,Zikuchepa,Iri kuderera,
statusRisk,Almost finished,Zatsala pang'ono kutha,Yava kupera,
lvlRisk,Careful!,Samalani!,Chenjera!,
lvlWarn,Watch,Yang'anani,Tarisa,
lvlGood,Good,Zili bwino,Zvakanaka,
lvlInfo,Tip,Upangiri,Zano,
advOver,You spent too much on {name}. You are {over} over. Spend less here.,Mwagwiritsa ndalama zambiri pa {name}. Mwapitirira {over}. Gwiritsani pang'ono pano.,Washandisa mari yakawanda pa{name}. Wadarika {over}. Shandisa zvishoma pano.,
advNear,{name} is almost finished. Only {left} left.,{name} yatsala pang'ono kutha. Zatsala {left} zokha.,{name} yava kuda kupera. Yasara {left} chete.,
advPace,You are using {name} money too fast.,Mukugwiritsa ndalama za {name} mofulumira.,Uri kushandisa mari ye{name} nekukurumidza.,
advPaceAll,You are spending too fast this month.,Mukugwiritsa ndalama mofulumira mwezi uno.,Uri kushandisa mari nekukurumidza mwedzi uno.,
advTotal,You spent more than you have. Stop buying things that can wait.,Mwagwiritsa ndalama zoposa zomwe muli nazo. Siyani kugula zinthu zomwe zingadikire.,Washandisa mari inodarika yaunayo. Rega kutenga zvinogona kumirira.,
advDaily,You can spend about {perDay} each day.,Mungagwiritse pafupifupi {perDay} tsiku lililonse.,Unogona kushandisa inenge {perDay} pazuva.,
advGood,You are doing well.,Mukuchita bwino.,Uri kuita zvakanaka.,
loadErr,Could not load your money. Please try again.,Sitinathe kutenga ndalama zanu. Yesaninso.,Hatina kukwanisa kutora mari yako. Edza zvakare.,
setupHint,No money boxes yet. Make your plan first.,Mulibe mabokosi. Choyamba lembani ndondomeko yanu.,Hapana mabhokisi. Tanga wanyora hurongwa hwako.,
setupLink,Go to My plan,Pitani ku Ndondomeko yanga,Enda ku Hurongwa hwangu,
splitTitle,My plan,Ndondomeko yanga,Hurongwa hwangu,
splitLead,Write the money you get each month. Then share it into boxes.,Lembani ndalama zomwe mumalandira mwezi. Kenako zigawireni m'mabokosi.,Nyora mari yaunowana mwedzi. Wobva wagovera mumabhokisi.,
incomeInput,Money I get each month (R),Ndalama zomwe ndimalandira pamwezi (R),Mari yandinowana pamwedzi (R),
totalLbl,Total,Zonse,Zvese,
pctNeed,Add {d}% more to reach 100%.,Onjezani {d}% kuti ifike 100%.,Wedzera {d}% kuti ifike 100%.,
pctOver,Take away {d}% to reach 100%.,Chotsani {d}% kuti ikhale 100%.,Bvisa {d}% kuti ive 100%.,
saveSplit,Save my plan,Sungani ndondomeko,Chengetedza hurongwa,
splitSaved,Plan saved. Go to My money to see it.,Ndondomeko yasungidwa. Pitani ku Ndalama zanga kuti muone.,Hurongwa hwachengetedzwa. Enda ku Mari yangu kuti uone.,
autoLbl,Take out now,Chotsa tsopano,Bvisa zvino,
autoHint,Tick Take out now and that money leaves your balance right away. Good for money you send home.,Sankhani Chotsa tsopano ndipo ndalamazo zichoka pa ndalama zanu nthawi yomweyo. Zabwino pa ndalama zotumiza kunyumba.,Tinya Bvisa zvino uye mari inobva pamari yako pakarepo. Zvakanaka pamari yekutumira kumba.,
sentOf,{spent} sent of {budget},{spent} zatumizidwa mwa {budget},{spent} yatumirwa kubva ku{budget},
toSend,{left} still to send,{left} zotsala kutumiza,{left} yasara kutumira,
allSent,All sent,Zonse zatumizidwa,Yese yatumirwa,
takenOut,Taken out,Zachotsedwa,Yabviswa,
popOverT,Careful!,Samalani!,Chenjera!,
popOverX,{name}: you spent {over} too much.,{name}: mwagwiritsa {over} yoposa.,{name}: wadarika {over}.,
popNearT,Almost finished,Zatsala pang'ono kutha,Yava kupera,
popNearX,{name}: only {left} left.,{name}: zatsala {left} zokha.,{name}: yasara {left} chete.,
popNegT,No money left,Ndalama zatha,Mari yapera,
popNegX,You spent more than you have.,Mwagwiritsa ndalama zoposa zomwe muli nazo.,Washandisa mari inodarika yaunayo.,
popOk,OK,Chabwino,Zvakanaka,
